{"cameraMode":{"drawMode":0,"name":"Shaded","section":"Shading Mode"},"sceneLighting":false,"audioPlay":false,"sceneViewState":{"m_AlwaysRefresh":false,"showFog":true,"showSkybox":false,"showFlares":true,"showImageEffects":true,"showParticleSystems":true,"showVisualEffectGraphs":true,"m_FxEnabled":true},"in2DMode":false,"pivot":{"x":-3.8924760818481447,"y":5.334062099456787,"z":16.814626693725587},"rotation":{"x":-0.10510178655385971,"y":-0.01581389270722866,"z":0.0016911091515794397,"w":-0.9943404197692871},"size":0.8660253882408142,"orthographic":false}